ID,Tweet content,User,Urls list,Hyperlinks_exist,Media_exists,Hashtags list,@ list,ID.1,created_at,Compound,Subjectivity,Favorites_count,Retweet_count,Replies count,Classification,Sentiment
1,When the fringe amongst any majority  turn rogue it's the sane amongst majority who can turn the tides. Tons &amp tons of respect for these brave men for standing up against the rotten fringe.  A Masjid being gaurded during a procession in Katihar Bihar. #Hinduism https://t.co/osCK2FPFjr ,buttkout,,no,yes,Hinduism,,1.51482828311197E+018,2022-04-15 04:49:41+00:00,0.4939,1,39,6,3,Information,positive
2,"Also at Lotus Temple, #Hinduism #Buddhism and #Judaism are living side by side in perfect harmonyüòÄ https://t.co/XB11IIwODA",NaorGilon,,no,yes,Hinduism Buddhism Judaism,,1.51277650605279E+018,2022-04-09 12:56:39+00:00,0.836,1,2503,228,36,Misinformation,positive
3,"If you want an honest, historically grounded view on #vegetarianism and #Hinduism (including #caste dimensions of the practice), from a progressive Hindu American group, here it is: https://t.co/7XYhDwZezK",AudreyTruschke,https://twitter.com/Hindus4HR/status/1513540389440876545,yes,no,vegetarianism Hinduism caste,,1.51354166226552E+018,2022-04-11 15:37:07+00:00,0.5574,0.3,109,39,0,Information,positive
4,"A new avatar of jihad has come to light, which shocked everyone in #TamilNadu. An adopted #Muslim father and his two sons are arrested for raping a 17-year-old college-going girl for more than three years.  #Jihad
https://t.co/WhNvkQuqy5",eOrganiser,https://organiser.org/2022/04/08/75639/bharat/foster-muslim-father-and-brothers-arrested-for-sexually-assaulting-an-adopted-17-year-old-girl/,yes,no,TamilNadu Muslim Jihad,,1.51260370365574E+018,2022-04-09 01:30:00+00:00,-0.8807,0.613636363636364,92,84,4,Misinformation,negative
5,#Karnataka #Muslim political Forum writes to president #RamNathKovind demanding president's rule in the state over *rising bar of hate and discrimination against #Muslims in the state*. Forum's sec jaffery says they will also knock the doors of #SupremeCourt. https://t.co/18O8PJJVik,KeypadGuerilla,,no,yes,Karnataka Muslim RamNathKovind Muslims SupremeCourt,,1.51448759312301E+018,2022-04-14 06:15:54+00:00,-0.6808,0.533333333333333,277,152,9,Information,negative
6,"‚Äú #Ambedkar believed that a #Muslim would find it difficult to accept a Hindu government as they saw #Hindus as ‚Äò#kafirs ‚Äô, and hence inferior (...)‚Äù

Read more in this piece by me authored for ‚Å¶@firstpost‚Å©  https://t.co/4EdfIEynCT",Aabhas24,https://www.firstpost.com/opinion/how-br-ambedkars-idea-of-islam-exposes-woolly-headed-liberals-of-the-day-10559281.html,yes,no,Ambedkar Muslim Hindus kafirs,firstpost,1.51483710897194E+018,2022-04-15 05:24:45+00:00,-0.3818,0.75,58,30,1,Information,negative
7,Muslim push cart vendors targeted outside Hanuman Temple in Dharwad. Sri Ram Sene members vandalize &amp destroy watermelon &amp other fruits.Ram Sene says  #Muslim vendors shouldn't do business outside temples. Cops present at the location did nothing to stop the vandalism #Karnataka https://t.co/gu0pCjt0lj ,harishupadhya,,no,yes,Muslim Karnataka,,1.51275453859144E+018,2022-04-09 11:29:22+00:00,-0.3843,0.095,9026,5716,2058,Information,negative
8,Watch this video and tell me if you think that the masked #Palestinian thugs with rocks in hand and playing football and the prayer rugs inside #AlAqsa Mosque have any respect for the #Muslim religious site? https://t.co/SJJk5LcGju,haivri,,no,yes,Palestinian AlAqsa Muslim,,1.51495585798915E+018,2022-04-15 13:16:37+00:00,0.7964,0.25,21,13,6,Misinformation,positive
9,"A video showed a mosque in #Khargone engulfed in flames with smoke rising from the site. Another video showed youths pelting stones at #Muslim homes while police watched. 

Report by @MohammadRaafi 

#India

https://t.co/AJ2IumsTu6",TCNLive,https://twocircles.net/2022apr13/445589.html,yes,no,Khargone Muslim India,MohammadRaafi,1.51426541268674E+018,2022-04-13 15:33:02+00:00,0,0,30,26,0,Information,neutral
10,"After #HijabBan, K'tka #Hindu-extremists, partly/wholly justified or supported by ruling party or its allies have demanded:
1. Ban on #Muslim vendors near temples
2. Ban on Muslim fruit sellers
3. Ban on Muslim taxi drivers
4. Ban on idols made by Muslim sculptors
5. Halal ban",samar11,,no,no,HijabBan Hindu Muslim,,1.51302474280219E+018,2022-04-10 05:23:03+00:00,-0.9217,0.65,817,326,44,Misinformation,negative
11,"Never forget the ultimate goal üëÜüèª
‚†Ä
May Allah save us all from the distractions of this world ü§≤üèª

#Quran #Islam #Ramadan #Muslim #Allah #Kuwait  #ÿßŸÑŸÉŸàŸäÿ™ #ÿßŸÑŸÇÿ±ÿ¢ŸÜ #ÿ±ŸÖÿ∂ÿßŸÜ https://t.co/RZZ4cqGK3U",FatihSeferagic,,no,yes,Quran Islam Ramadan Muslim Allah Kuwait ÿßŸÑŸÉŸàŸäÿ™ ÿßŸÑŸÇÿ±ÿ¢ŸÜ ÿ±ŸÖÿ∂ÿßŸÜ,,1.51423053033368E+018,2022-04-13 13:14:26+00:00,0.434,1,112,37,1,Information,positive
12,"Ban on #Muslim vendors ahead of festivals, Ban on Muslim fruit sellers, Ban on Muslim taxi drivers, Ban on idols made by Muslim,Himalaya ban, Meat shop ban, vandalisation of Muslim-owned stalls.....
BUT still ""Why just muslim related news? You didn't write abt that Hindu news!""ü§¶",Samriddhi0809,,no,no,Muslim,,1.51304459854474E+018,2022-04-10 06:41:57+00:00,-0.8845,0.4,1970,474,42,Misinformation,negative
13,"Hyderabad parliamentarian @asadowaisi termed the violence which was seen on Ramnavami as ""state-complicit violence"". He described the demolition of houses belonging to those from the #Muslim community in Madhya Pradesh as a violation of the Geneva Conventions. 
@THHyderabad",syedmohammedd,,no,no,Muslim,asadowaisi THHyderabad,1.51383285504603E+018,2022-04-12 10:54:12+00:00,-0.9081,0,921,289,10,Misinformation,negative
14,"Today, the Ford govt announced they will NOT pass #OurLondonFamily Act before QP dissolves. The bill was developed by #ONDP in partnership with @nccm &amp; #Muslim leaders in #LdnOnt &amp; across Ontario, in the wake of horrific #Islamophobic murder of Afzaal family. #ONpoli https://t.co/wno3S9BPPJ",PeggySattlerNDP,,no,yes,OurLondonFamily ONDP Muslim LdnOnt Islamophobic ONpoli,nccm,1.51473916511149E+018,2022-04-14 22:55:34+00:00,-0.8779,0.65,5,8,2,Misinformation,negative
15,This is fascism.. Shocking how hate can change an entire nation into blood thirsty zombies‚Ä¶No reasoning can change them despite education.. #India #Muslim. https://t.co/UIHLrZdq4s,Wabbasi007,https://twitter.com/ranaayyub/status/1513863884171481090,yes,no,India Muslim,,1.51402314477589E+018,2022-04-12 23:30:21+00:00,-0.7506,0.841666666666667,204,76,12,Misinformation,negative
16,"#FIR against 8 people 4 destroying water melons of #Muslim pushcart vendors infront of Anjaneya temple in #Dharward #Karnataka. No arrests yet. 
#sriramsene members who destroyed the fruits claim they had warned them 2 move out. @hd_kumaraswamy slams the state govt,demands action https://t.co/v5e4R4pGha",KeypadGuerilla,,no,yes,FIR Muslim Dharward Karnataka sriramsene,hd_kumaraswamy,1.51282614999854E+018,2022-04-09 16:13:55+00:00,-0.7575,0.05,434,236,26,Misinformation,negative
17,"#OurLondonFamily Act is exactly what the #Muslim community has been calling for. Racism &amp; Islamophobia are on the rise. 1000s have signed petitions, sent emails &amp; advocated for the government to go beyond words to action. But Doug Ford is refusing to move the bill forward. https://t.co/pEu9f83nxQ",PeggySattlerNDP,,no,yes,OurLondonFamily Muslim,,1.5147392045085E+018,2022-04-14 22:55:43+00:00,-0.7269,0.175,3,5,1,Information,negative
18,"The man in the video fears no punishment as he announces that he will ‚Çπ@pe #Muslim women. Those who view threats of violence against #Muslims as ""diversionary tactics"" do not know the Sangh's history. Attacking Muslims is their PRIMARY brief. #LestWeForget #ArrestBajrangMuni https://t.co/GcOD100xtd",annavetticad,https://twitter.com/zoo_bear/status/1512036559960248323,yes,no,Muslim Muslims LestWeForget ArrestBajrangMuni,pe,1.5123774503782E+018,2022-04-08 10:30:57+00:00,-0.8771,0.416666666666667,253,176,14,Misinformation,negative
19,"A new avatar of jihad has come to light, which shocked everyone in #TamilNadu. An adopted #Muslim father and his two sons are arrested for raping a 17-year-old college-going girl for more than three years.  #Jihad
https://t.co/WhNvkQuqy5",eOrganiser,https://organiser.org/2022/04/08/75639/bharat/foster-muslim-father-and-brothers-arrested-for-sexually-assaulting-an-adopted-17-year-old-girl/,yes,no,TamilNadu Muslim Jihad,,1.51260370365574E+018,2022-04-09 01:30:00+00:00,-0.8807,0.613636363636364,92,84,4,Misinformation,negative
20,"So Muzlims can ‚Äòprovoke‚Äô Hindus by shouting 5 times a day, 365 days a year from the loudspeakers that ‚Äòthere is no God but Ola‚Äô, but Hindus can‚Äôt play music and shout #JaiShreeRam once a year for #RamNavami in a Hindu majority country?",ShefVaidya,,no,no,JaiShreeRam RamNavami,,1.51353053069163E+018,2022-04-11 14:52:53+00:00,0.4005,0,27904,8159,762,Information,positive
21,"Sending my love &amp; best wishes to all in the world celebrating Rama Navami. #JaiShreeRam! May our love for God and others shine brightly in our heart, and let that light illuminate the world bringing peace and happiness to all.",TulsiGabbard,,no,no,JaiShreeRam,,1.51340288407899E+018,2022-04-11 06:25:39+00:00,0.9873,0.533333333333333,29478,5125,659,Misinformation,positive
22,"Warmest wishes to all on the divine occasion of #RamNavami No matter how adverse the circumstances, keep the mind stable and calm, everything is changing in the flow of time! #JaiShreeRam 

‡§ú‡§Ø ‡§∂‡•ç‡§∞‡•Ä ‡§∞‡§æ‡§Æ üö© https://t.co/5nvMnyUt0O",kkundrra,,no,yes,RamNavami JaiShreeRam,,1.51304401052026E+018,2022-04-10 06:39:37+00:00,0.8449,0.75,11531,3322,710,Misinformation,positive
23,On the auspicious occasion of #RamaNavami .My SandArt with message #HappyRamNavami at Puri beach in Odisha. #JaiShreeRam üôè https://t.co/ZG92Ub7ZNl,sudarsansand,,no,yes,RamaNavami HappyRamNavami JaiShreeRam,,1.51299023820067E+018,2022-04-10 03:05:57+00:00,0,0,29835,3050,310,Information,neutral
24,Being a part of the protest against the attempts of  @tnhrcedept to unethical take over Ayodhya mandapam at Chennai. #DMK upset over fact that @BJP4TamilNadu won this corporators ward taken to this unprecedented dirty move. We shall fight! #JaiShreeRam https://t.co/yh2HPgA3j7,VinojBJP,,no,yes,DMK JaiShreeRam,tnhrcedept BJP4TamilNadu,1.51340382224841E+018,2022-04-11 06:29:23+00:00,-0.8398,0.85,1129,313,29,Misinformation,negative
25,"On this auspicious day of Shri Rama Navami PM Shri @narendramodi Ji will dedicate the world's tallest 161 feet Panchamuhkhi Hanuman Statute built in Bidanagere village of Tumkur district in Karnataka through virtual platform.

@BSBommai

#RamaNavami #JaiShreeRam https://t.co/ui9n7aWVEP",mla_sudhakar,,no,yes,RamaNavami JaiShreeRam,narendramodi BSBommai,1.5129975068585E+018,2022-04-10 03:34:50+00:00,0,0,685,53,15,Information,neutral
26,"Adani Ambanis Wealth Manager @narendramodi is busy making them THE RICHEST in the world.

Rest of the India can #JaiShreeRam and perish! #FuelPriceHike https://t.co/UzV8FR4yXr",isai_,,no,yes,JaiShreeRam FuelPriceHike,narendramodi,1.51229138463126E+018,2022-04-08 04:48:57+00:00,0.8236,0.3,108,62,5,Misinformation,positive
27,Wishing everyone a veryyyy Happy Ram Navami !!!! üíõ #JaiShreeRam üß° https://t.co/VMYDCQuAJS,AanchalOfficial,,no,yes,JaiShreeRam,,1.51313242023667E+018,2022-04-10 12:30:56+00:00,0.9448,1,884,34,24,Misinformation,positive
28,"Hindu Temple Trust TTD funding a secular event for #AmbedkarJayanti ? Why?

Bhimrao himself has been very unkind to Hinduism. But what is more ironic is the speaker at the event Aruna is a Christian and Rabid Hindu Hater.

What is happening in my ancestral temple is beyond me. https://t.co/gBFUguMIGy",arunpudur,,no,yes,AmbedkarJayanti,,1.51457764546357E+018,2022-04-14 12:13:44+00:00,-0.7224,0.425,179,70,2,Information,negative
29,"Islam is caricatured as violent, while Hinduism stereotyped as passive and humane. 

However, a closer look at India demystifies these stereotypes and reveals how a Hindutva regime has disfigured Hinduism to inflict terror and  mass violence.",KhaledBeydoun,,no,no,,,1.51481527155428E+018,2022-04-15 03:57:59+00:00,-0.9153,0.95,515,131,67,Misinformation,negative
30,"Hindutva hates Islam.
Hinduism respects Islam.

That's the difference!",SalmanNizami_,,no,no,,,1.51420591299482E+018,2022-04-13 11:36:36+00:00,-0.2244,0,4874,707,478,Information,neutral
31,Your knowledge of International Relations is worse than your oxymoronic ‚ÄúAmbedkar &amp Gandhi‚Äôs view of Hinduism‚Äù. https://t.co/ATS4lZmlqj ,Iyervval,https://twitter.com/RoKhanna/status/1513914123758747660,yes,no,,,1.51428356307571E+018,2022-04-13 16:45:10+00:00,-0.4767,0.3,652,116,10,Information,negative
32,"As the leadership of Churches in India remains in the hands of upper caste Christians, and they also claim the caste ancestry,¬†situation for¬†the lower caste¬†remains the same with¬†caste subjugation continuing for them¬†even after conversion¬†from Hinduism to Christianity.",Profdilipmandal,,no,no,,,1.51483640493684E+018,2022-04-15 05:21:57+00:00,-0.296,0.0625,166,46,4,Information,neutral
33,"‚ÄúIf Hindu Raj (#HinduRashtra) does become a fact, it will, no doubt, be the greatest calamity for this country. Hinduism is a menace to liberty, equality and fraternity. On that account it is incompatible with democracy. Hindu Raj must be prevented at any cost.‚Äù- #Ambedkar https://t.co/emvz7iAwZo",ambedkariteIND,,no,yes,HinduRashtra Ambedkar,,1.51443183260281E+018,2022-04-14 02:34:20+00:00,0.7657,1,156,25,3,Misinformation,positive
34,"Shourie: Hinduism was a religion all about the inner search, in which the only criterion was direct spiritual experience. It‚Äôs being reduced to beating up a [Muslim] bangle seller and feeling proud. What is happening now will be the end of Hinduism as a great spiritual tradition.",dhume,,no,no,,,1.51462819348715E+018,2022-04-14 15:34:36+00:00,0.6908,0.511904761904762,86,20,42,Information,positive
35,"In Hinduism, the lower castes accept the leadership of Brahmins¬†because in Hinduism, Brahmins have been ordained the¬†higher position. But upper caste Christians don‚Äôt have¬†this¬†superiority sanctioned by their religion.",Profdilipmandal,,no,no,,,1.51484152512074E+018,2022-04-15 05:42:18+00:00,0.5893,0.25,79,21,1,Information,positive
36,‚Ä¶ situation for¬†the lower caste¬†remains the same with¬†caste subjugation continuing for them¬†even after conversion¬†from Hinduism to Christianity.,Profdilipmandal,,no,no,,,1.514841510751E+018,2022-04-15 05:42:15+00:00,-0.296,0.125,82,18,1,Information,neutral
37,"‚ÄúI started reading Ambedkar ‚Ä¶ and just juxtapose them: how Dr Ambedkar was saying we have to annihilate caste altogether, whereas Gandhi was like if you annihilate caste, you annihilate Hinduism‚Äù: ·ªåb√°d√©l√© Kambon.
 
From 2019, @sagar_reporter interviews: https://t.co/xJBrNf5yod",thecaravanindia,http://bit.ly/31CkpEE,yes,no,,sagar_reporter,1.51430994771821E+018,2022-04-13 18:30:00+00:00,0.3612,0,84,36,1,Information,positive
38,"So he was clear Hinduism is not going to harm India though Islam certainly would.

That apart, Ambedkar himself acknowledged Hindus are open to reforms though not the Muslims.
@Narrative317 Islam has one book, Hindus have so many texts.",Aabhas24,,no,no,,Narrative317,1.51486341434608E+018,2022-04-15 07:09:17+00:00,0.7972,0.488690476190476,41,11,3,Misinformation,positive
39,Hinduism respects all religions üôèüèº https://t.co/eDjfbj7bUi,ManojMehtamm,https://twitter.com/salmannizami_/status/1514205912994820102,yes,no,,,1.5142682073218E+018,2022-04-13 15:44:09+00:00,0.3182,0,129,33,8,Information,neutral
40,"This painting of Maharaja Ranjeet Singh worshipping Devi Durga with his grandson Navnihal Singh is a rare work of art that show that how close the connections of Hinduism and Sikhism are.
At the National Museum Delhi. 

@LostTemple7 https://t.co/VcwoDxC7y3",monidipadey,,no,yes,,LostTemple7,1.5137174605994E+018,2022-04-12 03:15:40+00:00,0.3818,0.9,3991,913,46,Information,positive
41,"Received another video from Ashraf Nagar Kasba - Islamic flag being pulled out to be replaced with a bhagwa flag (Gujarat)

Sheer fanaticism in the name of Hinduism &amp; the video says - 'Proud to be Hindu' 

#IndianMuslimGenocideAlert 
#IndianMuslimsUnderAttack 
#RamNavamiViolence https://t.co/oWTHezp37Q",tarushi_aswani,,no,yes,IndianMuslimGenocideAlert IndianMuslimsUnderAttack RamNavamiViolence,,1.51415900402858E+018,2022-04-13 08:30:12+00:00,0.4767,0.875,338,266,15,Information,positive
42,"This fraud &amp; criminal disguised as a seer has been giving open calls of violence against Muslims &amp; rape threats to Muslim women on the name of Hinduism.

He should be jailed for trying to instigate violence and also sacrilege, for trying to defame Hinduism! #ArrestBajrangMuni https://t.co/pppF6mLU0o",GauravPandhi,,no,yes,ArrestBajrangMuni,,1.51260829001797E+018,2022-04-09 01:48:13+00:00,-0.98,0.525,551,282,25,Misinformation,negative
43,Jihad Murderer Tells Jury He‚Äôs a ‚ÄòModerate Muslim‚Äô https://t.co/jc9C7WnBlE https://t.co/erj0UmKB0r,jihadwatchRS,https://wp.me/p4hgqZ-14oS,yes,yes,,,1.51463464111806E+018,2022-04-14 16:00:13+00:00,-0.6808,0.7,1840,777,82,Information,negative
44,Nigeria: Highest number of Islamic State jihad attacks in the world¬† https://t.co/nRKnV7zYvr https://t.co/sOZwKZt6i5,jihadwatchRS,https://wp.me/p4hgqZ-14nn,yes,yes,,,1.51457423422752E+018,2022-04-14 12:00:11+00:00,-0.3818,0,386,284,15,Information,negative
45,"In reality, Muslim rule in India was appallingly brutal. As Hindus were not ""people of the book,"" they were often slaughtered wholesale, with thousands of temples destroyed. Get the full shocking story in ""The History of Jihad"": https://t.co/vgXpe4c8Lw https://t.co/TnBZTtZgyK",jihadwatchRS,https://www.amazon.com/dp/1682616592/ref=sr_1_1?ie=UTF8&qid=1520858729 https://twitter.com/fahmi_jaradat/status/1514611045628735501,yes,no,,,1.51461140216136E+018,2022-04-14 14:27:53+00:00,-0.9186,0.85,503,234,21,Misinformation,negative
46,"‚ÄúEnd the Naukri Jihad‚Äù

Hate mongers protest Muslim students getting job. https://t.co/qAfVvKzVsJ",alishan_jafri,,no,yes,,,1.51490738320136E+018,2022-04-15 10:04:00+00:00,-0.6908,0.9,387,207,21,Information,negative
47,"In 2010, V S Achuthanandan warned Kerala about #LoveJihad. Just 2 days ago, former MLA George M Thomas also warned about it. Both are from CPI(M). And yet the party blames BJP &amp; Pala Bishop for raising concerns over this practice! Why? #FactCheck

https://t.co/3psszFddWl",PanickarS,https://economictimes.indiatimes.com/news/politics-and-nation/kerala-cm-criticised-for-speaking-out-against-love-jihad/articleshow/6221406.cms,yes,no,LoveJihad FactCheck,,1.51443074152602E+018,2022-04-14 02:30:00+00:00,-0.5411,0,304,77,10,Information,negative
48,"On his birth anniversary, read Dr Ambedkar's views on Islam and Muslims in India #archives  https://t.co/WEa3PIFNqB",OpIndia_com,https://www.opindia.com/2021/10/dr-br-ambedkar-babasaheb-views-on-islam-muslims-india-hindu-majority-jihad-dalits-buddhism/,yes,no,archives,,1.51449114224239E+018,2022-04-14 06:30:00+00:00,0,0,151,59,3,Information,neutral
49,Trump's PAC just sent out an email with a NYT article about a wind energy company having to pay $150 million for killing eagles. The windmill jihad continues apace. https://t.co/uX8edT9Un0,jdawsey1,https://www.nytimes.com/2022/04/10/us/bald-eages-dead-wind-farms.html?utm_medium=email&utm_source=ncl_amplify&utm_campaign=20220413-icymi_wind_energy_company_to_pay_8_million_in_killings_of_150_eagles&utm_content=ncl-kxrVbhfKGV&_nlid=kxrVbhfKGV&_nhids=Kz8kC1dw,yes,no,,,1.51434658844087E+018,2022-04-13 20:55:36+00:00,-0.5719,0,57,25,21,Information,negative
50,"The racist @EmmanuelMacron interior ministry even argued that when French Muslims use the French word ""effort"" (which means the same as in English), they actually mean ""jihad,"" which therefore supposedly means they might set off bombs. Incredible stuff, but real. https://t.co/S6iD2ZFMRN",AliAbunimah,,no,yes,,EmmanuelMacron,1.51464395927605E+018,2022-04-14 16:37:15+00:00,-0.5023,0.2875,28,19,1,Information,negative
51,"2. ‚ÄúThe way you protect yourself from coronavirus, you have to protect yourself from them. Some Salman will become Suresh, some Rehman will become Ramesh, and then they trap our women in love jihad."" 

https://t.co/a1m5NA4ohv",alishan_jafri,,no,yes,,,1.51448667468787E+018,2022-04-14 06:12:15+00:00,0.7964,0.6,68,25,1,Misinformation,positive
52,"Ragini Tiwari who led mob at Maujpur during Delhi riots &amp; pelted stones is also seen in teh video shouting ""Naukri Jihad band karo"" 

Via: @alishan_jafri https://t.co/TA7geFGSL2",Samriddhi0809,,no,yes,,alishan_jafri,1.51492553014277E+018,2022-04-15 11:16:06+00:00,-0.5106,0,66,30,6,Information,negative
53,"This man is VHP leader Rajesh Awasthi. @betwasharma has extensively reported on him.

Her report can be read here: https://t.co/Fe53WsxJXE https://t.co/D3675xWONp https://t.co/pNONCDRQoC",kaushikrj6,https://theintercept.com/2021/07/03/love-jihad-law-india/ https://twitter.com/alishan_jafri/status/1514498559546048514,yes,yes,,betwasharma,1.51452228171579E+018,2022-04-14 08:33:45+00:00,0,0.333333333333333,44,31,2,Information,neutral
54,"Blood of Palestinian martyrs will spark off full-scale confrontation with Israel, Islamic Jihad says

https://t.co/wqXMd1IylH",PressTV,"https://www.presstv.ir/Detail/2022/04/14/680319/Blood-of-fallen-Palestinians-will-lead-to-full-scale-confrontation-with-Israel,-Islamic-Jihad-says",yes,no,,,1.51466981765502E+018,2022-04-14 18:20:00+00:00,-0.1027,0,27,11,1,Information,neutral
55,Hindutva radicalized police officers and/or local security personnel beat this elderly Muslim man as he picks up milk during iftar in Khargone. https://t.co/CcH1iDk5rR,cjwerleman,,no,yes,,,1.51464618607001E+018,2022-04-14 16:46:06+00:00,0.34,0,4952,3513,411,Information,positive
56,"Hindu mobs attack Muslim-owned properties in several cities across India during the festival of Ram Navami, according to local reports. The violence left at least one person dead, with shops and mosques reportedly desecrated. https://t.co/G1SnU06ePU",MiddleEastEye,,no,yes,,,1.51430994696321E+018,2022-04-13 18:30:00+00:00,-0.8519,0.16,7609,4505,668,Misinformation,negative
57,"I am deeply concerned about images, videos, and targeted threats of violence against the Muslim community in India. 

The Modi govt must stop stoking anti-Muslim sentiment.

Human rights must be protected.

Canada must play a strong role in working towards peace everywhere.",theJagmeetSingh,,no,no,,,1.51430649708538E+018,2022-04-13 18:16:18+00:00,0.4588,0.411111111111111,34879,9706,5778,Information,positive
58,"Israeli forces appear to break the windows of the holy Al-Qibli Mosque during a surprise raid on Al-Aqsa early Friday morning, during which tear gas was fired and Muslim worshippers detained and apprehended inside the mosque https://t.co/c1rI6ctUtj",MiddleEastEye,,no,yes,,,1.51486535584338E+018,2022-04-15 07:17:00+00:00,-0.5267,0.3,500,642,24,Information,negative
59,"Police in Gujarat, India bulldozing Muslim properties accusing them of instigating an anti-Muslim riot! No law, no Justice, no logic. https://t.co/fu997Yx0pm",ashoswai,,no,yes,,,1.51492315629271E+018,2022-04-15 11:06:41+00:00,-0.7777,0,3775,1943,153,Misinformation,negative
60,"When is Karnataka govt &amp; Police going to take action against such hate speeches. 
""If U dont warn ur youths &amp; don't stop them.. If our 1 girl is taken away, then 10 of your muslim women will be taken away from you.""
~ Sri RamSene Chief Pramod Mutalik
C'C: @DgpKarnataka @BSBommai https://t.co/I5MTyk6QHG",zoo_bear,,no,yes,,DgpKarnataka BSBommai,1.51459908814616E+018,2022-04-14 13:38:57+00:00,-0.3645,0.5,3680,2240,352,Information,negative
61,"In UP, India, two minor Muslim boys, aged 16 &amp; 17, were kept under police lock-up and charged with criminal cases for listening to Pakistani music in their home!",ashoswai,,no,no,,,1.5148909924067E+018,2022-04-15 08:58:52+00:00,-0.6696,0.383333333333333,7195,2626,401,Information,negative
62,"What happened when Mumbai cried?
On 12th March 1993, when Mumbai was shaken with 12 bomb blasts, @PawarSpeaks ji invented a 13th blast in a Muslim area. 

Instead of law and order, appeasement was his first priority.
https://t.co/mcg7kZkDeV",Dev_Fadnavis,https://indiatoday.in/fyi/story/bombay-blast-sharad-pawar-lied-983107-2017-06-16,yes,no,,PawarSpeaks,1.51451338816841E+018,2022-04-14 07:58:24+00:00,-0.7269,0.166666666666667,5199,2077,173,Information,negative
63,"Nothing to do with Unemployment, illiteracy or Poverty. 
People in whatsapp groups with their School friends, College friends, Office Collegues, Colony group etc would know that most educated guys employed in top MNCs would regularly share Islamophobic &amp; anti-Muslim content. https://t.co/022VudQbY8",zoo_bear,https://twitter.com/MFuturewala/status/1514133267712151563,yes,no,,,1.51435047746228E+018,2022-04-13 21:11:03+00:00,0.0258,0.358974358974359,6666,1953,236,Information,neutral
64,"BREAKING üö® Israeli soldiers are currently invading Al Aqsa mosque, firing bullets, sound grenades, and tear gas at Palestinians.

#AlAqsaUnderAttack #FreePalestine https://t.co/MjW2biQX0n",Muslim,,no,yes,AlAqsaUnderAttack FreePalestine,,1.51481858870353E+018,2022-04-15 04:11:10+00:00,-0.34,0.4,2868,2238,149,Information,negative
65,"India: Muslim mobs attack Hindus in several states during Ram Navami, 16-year-old Hindu boy fights for his life https://t.co/JyxqvbiMxw https://t.co/KVVJetmShj",jihadwatchRS,https://wp.me/p4hgqZ-14qU,yes,yes,,,1.51469503740535E+018,2022-04-14 20:00:13+00:00,-0.7003,0,2248,1263,59,Information,negative
66,"Nazis were marking Jew houses with Yellow Stars, India's Hindu Right Wing Regime demolishing Muslim houses with Yellow Bulldozers! https://t.co/hTtc7gA7iz",ashoswai,https://www.bbc.com/news/world-asia-india-61042315,yes,no,,,1.51489489453543E+018,2022-04-15 09:14:22+00:00,0,0.178571428571429,755,325,17,Information,neutral
67,"Amnesty International condemns the demolition of Muslim owned homes in Khargone, India. https://t.co/ByMfW17mRR",cjwerleman,,no,yes,,,1.51470466750653E+018,2022-04-14 20:38:29+00:00,-0.5106,0,2226,1036,60,Information,negative
68,Indian police attacking an elderly Muslim man.   This is state-sponsored Hindtuva terror. https://t.co/rkrbgpRdAF,KhaledBeydoun,https://twitter.com/arbabali_jmi/status/1514674610393944066,yes,no,,,1.51470611295989E+018,2022-04-14 20:44:13+00:00,-0.7506,0,1595,722,78,Misinformation,negative
69,"1. CAA was never anti-Muslim
2. Farm laws were never anti farmers.
3. Recent riots victims are Hindus.

But local leftist ecosystem and their foreign Masters have successfully changed the narrative in the above first two points.

Now they are trying in the third one too!",vijaygajera,,no,no,,,1.51457943353712E+018,2022-04-14 12:20:51+00:00,0.5062,0.294791666666667,2968,1168,29,Information,positive
70,"So Muzlims can ‚Äòprovoke‚Äô Hindus by shouting 5 times a day, 365 days a year from the loudspeakers that ‚Äòthere is no God but Ola‚Äô, but Hindus can‚Äôt play music and shout #JaiShreeRam once a year for #RamNavami in a Hindu majority country?",ShefVaidya,,no,no,JaiShreeRam RamNavami,,1.51353053069163E+018,2022-04-11 14:52:53+00:00,0.4005,0,27905,8159,762,Information,positive
71,"Sending my love &amp; best wishes to all in the world celebrating Rama Navami. #JaiShreeRam! May our love for God and others shine brightly in our heart, and let that light illuminate the world bringing peace and happiness to all.",TulsiGabbard,,no,no,JaiShreeRam,,1.51340288407899E+018,2022-04-11 06:25:39+00:00,0.9873,0.533333333333333,29480,5126,659,Misinformation,positive
72,"Warmest wishes to all on the divine occasion of #RamNavami No matter how adverse the circumstances, keep the mind stable and calm, everything is changing in the flow of time! #JaiShreeRam 

‡§ú‡§Ø ‡§∂‡•ç‡§∞‡•Ä ‡§∞‡§æ‡§Æ üö© https://t.co/5nvMnyUt0O",kkundrra,,no,yes,RamNavami JaiShreeRam,,1.51304401052026E+018,2022-04-10 06:39:37+00:00,0.8449,0.75,11532,3322,710,Misinformation,positive
73,On the auspicious occasion of #RamaNavami .My SandArt with message #HappyRamNavami at Puri beach in Odisha. #JaiShreeRam üôè https://t.co/ZG92Ub7ZNl,sudarsansand,,no,yes,RamaNavami HappyRamNavami JaiShreeRam,,1.51299023820067E+018,2022-04-10 03:05:57+00:00,0,0,29836,3050,310,Information,neutral
74,Being a part of the protest against the attempts of  @tnhrcedept to unethical take over Ayodhya mandapam at Chennai. #DMK upset over fact that @BJP4TamilNadu won this corporators ward taken to this unprecedented dirty move. We shall fight! #JaiShreeRam https://t.co/yh2HPgA3j7,VinojBJP,,no,yes,DMK JaiShreeRam,tnhrcedept BJP4TamilNadu,1.51340382224841E+018,2022-04-11 06:29:23+00:00,-0.8398,0.85,1129,313,29,Misinformation,negative
75,"On this auspicious day of Shri Rama Navami PM Shri @narendramodi Ji will dedicate the world's tallest 161 feet Panchamuhkhi Hanuman Statute built in Bidanagere village of Tumkur district in Karnataka through virtual platform.

@BSBommai

#RamaNavami #JaiShreeRam https://t.co/ui9n7aWVEP",mla_sudhakar,,no,yes,RamaNavami JaiShreeRam,narendramodi BSBommai,1.5129975068585E+018,2022-04-10 03:34:50+00:00,0,0,685,53,15,Information,neutral
76,"Adani Ambanis Wealth Manager @narendramodi is busy making them THE RICHEST in the world.

Rest of the India can #JaiShreeRam and perish! #FuelPriceHike https://t.co/UzV8FR4yXr",isai_,,no,yes,JaiShreeRam FuelPriceHike,narendramodi,1.51229138463126E+018,2022-04-08 04:48:57+00:00,0.8236,0.3,108,62,5,Misinformation,positive
77,Wishing everyone a veryyyy Happy Ram Navami !!!! üíõ #JaiShreeRam üß° https://t.co/VMYDCQuAJS,AanchalOfficial,,no,yes,JaiShreeRam,,1.51313242023667E+018,2022-04-10 12:30:56+00:00,0.9448,1,884,34,24,Misinformation,positive
